{
    "atomtt.com": 9999999999.999998,
    "atomixhq.link": 9999999999.999998
}